Gene_id,Phi
lcl|NC_000913.3_cds_NP_414544.1_3,0.741982119774
lcl|NC_000913.3_cds_NP_414547.1_6,0.299060991651
lcl|NC_000913.3_cds_NP_414550.1_9,0.404942266238
lcl|NC_000913.3_cds_NP_414551.1_10,0.142661582021
lcl|NC_000913.3_cds_NP_414552.1_11,0.00667412319916
lcl|NC_000913.3_cds_YP_025292.1_17,1.0
lcl|NC_000913.3_cds_NP_414560.1_18,0.139287884471
lcl|NC_000913.3_cds_NP_414564.1_22,28.8513076717
lcl|NC_000913.3_cds_NP_414567.1_25,1.53970368107
lcl|NC_000913.3_cds_NP_414570.1_28,0.318978516153
lcl|NC_000913.3_cds_NP_414573.1_31,0.242774030881
lcl|NC_000913.3_cds_NP_414574.1_32,0.260128871172
lcl|NC_000913.3_cds_NP_414577.2_34,1.0
lcl|NC_000913.3_cds_NP_414579.4_36,0.00670553441776
lcl|NC_000913.3_cds_NP_414581.1_38,0.0114432521016
lcl|NC_000913.3_cds_NP_414584.1_41,0.00438980272065
lcl|NC_000913.3_cds_NP_414587.1_44,1.0
lcl|NC_000913.3_cds_NP_414590.1_47,0.441469452296
lcl|NC_000913.3_cds_NP_414593.1_50,0.589994263793
lcl|NC_000913.3_cds_NP_414601.1_57,0.614406822958
lcl|NC_000913.3_cds_NP_414602.1_58,0.00852928413476
lcl|NC_000913.3_cds_NP_414603.1_59,1.0
lcl|NC_000913.3_cds_NP_414604.1_60,0.00720204186335
lcl|NC_000913.3_cds_NP_414605.1_61,0.00360915721646
lcl|NC_000913.3_cds_NP_414607.1_63,0.0223642368285
lcl|NC_000913.3_cds_NP_414608.1_64,0.0313752661354
lcl|NC_000913.3_cds_NP_414614.1_71,0.431141564815
lcl|NC_000913.3_cds_NP_414615.4_72,0.382841049756
lcl|NC_000913.3_cds_NP_414616.1_73,0.221799037364
lcl|NC_000913.3_cds_YP_025294.2_76,0.0782329438711
lcl|NC_000913.3_cds_NP_414622.1_78,0.232089836317
lcl|NC_000913.3_cds_NP_414624.1_80,0.243528634459
lcl|NC_000913.3_cds_NP_414628.1_84,0.220784279519
lcl|NC_000913.3_cds_NP_414629.1_85,0.159612742022
lcl|NC_000913.3_cds_NP_414630.1_86,0.246654351229
lcl|NC_000913.3_cds_NP_414631.1_87,0.06936025311
lcl|NC_000913.3_cds_NP_414632.1_88,0.115537466383
lcl|NC_000913.3_cds_NP_414635.1_91,0.0790792314278
lcl|NC_000913.3_cds_NP_414637.1_93,1.82473488036
lcl|NC_000913.3_cds_NP_414638.1_94,1.49810201667
lcl|NC_000913.3_cds_NP_414648.1_102,1.0
lcl|NC_000913.3_cds_NP_414651.1_105,0.25659996955
lcl|NC_000913.3_cds_NP_414656.1_110,10.3947475677
lcl|NC_000913.3_cds_NP_414661.2_115,0.363626611826
lcl|NC_000913.3_cds_NP_414662.1_116,1.15336888575
lcl|NC_000913.3_cds_NP_414667.4_121,1.35367875306
lcl|NC_000913.3_cds_NP_414668.1_122,2.23779617837
lcl|NC_000913.3_cds_NP_414671.1_125,0.0086619773195
lcl|NC_000913.3_cds_NP_414674.1_128,0.00473670598557
lcl|NC_000913.3_cds_NP_414676.1_130,1.90952765756
lcl|NC_000913.3_cds_NP_414684.1_138,0.0797234562116
lcl|NC_000913.3_cds_NP_414685.4_139,0.31965329631
lcl|NC_000913.3_cds_NP_414686.3_140,0.0273308918126
lcl|NC_000913.3_cds_NP_414687.1_141,4.93049948524
lcl|NC_000913.3_cds_NP_414693.1_147,0.0364926579815
lcl|NC_000913.3_cds_NP_414696.1_150,1.01829027294
lcl|NC_000913.3_cds_NP_414710.1_163,1.84865007779
lcl|NC_000913.3_cds_NP_414713.1_166,1.70619851703
lcl|NC_000913.3_cds_NP_414716.1_169,0.186205943954
lcl|NC_000913.3_cds_NP_414718.1_171,0.090653464065
lcl|NC_000913.3_cds_NP_414725.1_178,0.111693319874
lcl|NC_000913.3_cds_NP_414728.1_181,0.00897550191863
lcl|NC_000913.3_cds_NP_414729.4_182,0.117207900262
lcl|NC_000913.3_cds_NP_414732.1_186,0.124275638542
lcl|NC_000913.3_cds_NP_414736.1_190,2.24581972562
lcl|NC_000913.3_cds_NP_414739.1_193,3.90448818392
lcl|NC_000913.3_cds_NP_414740.1_194,0.360128753414
lcl|NC_000913.3_cds_NP_414742.1_196,0.357472218226
lcl|NC_000913.3_cds_NP_414757.1_213,0.973318076151
lcl|NC_000913.3_cds_NP_414766.1_222,0.0116405883314
lcl|NC_000913.3_cds_NP_414774.1_230,0.188106725519
lcl|NC_000913.3_cds_NP_414777.1_233,0.439091688236
lcl|NC_000913.3_cds_NP_414782.1_240,1.0
lcl|NC_000913.3_cds_NP_414783.1_241,1.0
lcl|NC_000913.3_cds_NP_414793.1_252,0.019061771564
lcl|NC_000913.3_cds_NP_414794.4_253,0.075520586999
lcl|NC_000913.3_cds_NP_414798.1_257,1.0
lcl|NC_000913.3_cds_NP_414799.1_258,1.0
lcl|NC_000913.3_cds_NP_414803.1_264,0.0111410382161
lcl|NC_000913.3_cds_NP_414805.1_266,0.0212803582269
lcl|NC_000913.3_cds_NP_414824.1_287,1.0
lcl|NC_000913.3_cds_NP_414841.1_307,0.014213292737
lcl|NC_000913.3_cds_NP_414842.4_308,0.0161291651056
lcl|NC_000913.3_cds_NP_414850.1_315,0.00907638820702
lcl|NC_000913.3_cds_NP_414865.1_329,1.0
lcl|NC_000913.3_cds_NP_414868.1_331,1.0
lcl|NC_000913.3_cds_NP_414870.1_333,0.151429417612
lcl|NC_000913.3_cds_NP_414874.1_337,0.0309161810245
lcl|NC_000913.3_cds_NP_414875.1_338,1.0
lcl|NC_000913.3_cds_NP_414878.1_341,0.0070556207246
lcl|NC_000913.3_cds_NP_414879.3_342,0.0686886546908
lcl|NC_000913.3_cds_NP_414881.1_344,0.00216549432987
lcl|NC_000913.3_cds_NP_414884.2_347,0.00721831443292
lcl|NC_000913.3_cds_NP_414891.4_354,0.227703578142
lcl|NC_000913.3_cds_NP_414901.1_363,1.0
lcl|NC_000913.3_cds_NP_414903.4_365,0.782913641842
lcl|NC_000913.3_cds_NP_414906.1_367,1.0
lcl|NC_000913.3_cds_NP_414911.1_371,0.0185229500784
lcl|NC_000913.3_cds_NP_414913.1_373,0.034647909278
lcl|NC_000913.3_cds_NP_414919.1_379,0.00360915721646
lcl|NC_000913.3_cds_NP_414924.1_384,0.061900439019
lcl|NC_000913.3_cds_NP_414925.1_385,0.681510204984
lcl|NC_000913.3_cds_NP_414937.2_396,0.0249005773847
lcl|NC_000913.3_cds_NP_414940.1_399,1.40589458094
lcl|NC_000913.3_cds_NP_414941.1_400,5.8227584622
lcl|NC_000913.3_cds_NP_414943.1_402,0.498324085553
lcl|NC_000913.3_cds_NP_414947.1_406,0.191944628606
lcl|NC_000913.3_cds_NP_414951.1_410,0.104216002595
lcl|NC_000913.3_cds_NP_414953.2_412,0.0919486115593
lcl|NC_000913.3_cds_NP_414954.1_413,0.178749703792
lcl|NC_000913.3_cds_NP_414958.4_417,0.264402494729
lcl|NC_000913.3_cds_NP_414960.2_419,3.26461182312
lcl|NC_000913.3_cds_NP_414961.4_420,0.028745871695
lcl|NC_000913.3_cds_NP_414963.1_422,3.58995125997
lcl|NC_000913.3_cds_NP_414964.1_423,2.55231611418
lcl|NC_000913.3_cds_NP_414970.1_429,13.6988331431
lcl|NC_000913.3_cds_NP_414973.1_432,1.30380848301
lcl|NC_000913.3_cds_NP_414975.1_434,0.676485595776
lcl|NC_000913.3_cds_NP_414979.1_438,0.00420291612245
lcl|NC_000913.3_cds_NP_414982.1_441,0.0159007587045
lcl|NC_000913.3_cds_NP_414983.1_442,0.0141265270935
lcl|NC_000913.3_cds_NP_414986.1_445,0.189975939057
lcl|NC_000913.3_cds_NP_414989.1_448,0.0310387520615
lcl|NC_000913.3_cds_NP_414990.2_449,0.00718371489028
lcl|NC_000913.3_cds_NP_415000.1_459,0.0456661058131
lcl|NC_000913.3_cds_NP_415005.1_464,0.227476539233
lcl|NC_000913.3_cds_NP_415009.1_468,0.0097749121548
lcl|NC_000913.3_cds_NP_415014.1_473,0.353455272148
lcl|NC_000913.3_cds_NP_415018.1_477,0.228820567523
lcl|NC_000913.3_cds_NP_415036.1_495,0.0413934960866
lcl|NC_000913.3_cds_NP_415037.1_496,1.0
lcl|NC_000913.3_cds_NP_415041.1_500,0.00649648298962
lcl|NC_000913.3_cds_NP_415047.1_505,0.0180463075989
lcl|NC_000913.3_cds_NP_415053.1_511,1.0
lcl|NC_000913.3_cds_NP_415056.1_514,0.250490083249
lcl|NC_000913.3_cds_NP_415057.1_515,0.0482837921446
lcl|NC_000913.3_cds_NP_415060.1_518,1.0
lcl|NC_000913.3_cds_NP_415061.2_519,0.861343360153
lcl|NC_000913.3_cds_NP_415062.1_520,0.854228076105
lcl|NC_000913.3_cds_NP_415079.1_539,1.0
lcl|NC_000913.3_cds_NP_415084.1_546,0.019061771564
lcl|NC_000913.3_cds_NP_415102.1_566,0.0157191285403
lcl|NC_000913.3_cds_NP_415106.1_570,0.00433098865975
lcl|NC_000913.3_cds_NP_415107.1_571,0.00120219698655
lcl|NC_000913.3_cds_NP_415108.1_572,0.115851187547
lcl|NC_000913.3_cds_NP_415112.1_576,0.138660139112
lcl|NC_000913.3_cds_NP_415117.2_582,0.00649648298962
lcl|NC_000913.3_cds_YP_588441.1_583,0.0151584603091
lcl|NC_000913.3_cds_NP_415121.1_587,0.00367277246074
lcl|NC_000913.3_cds_NP_415122.1_588,0.00727966426404
lcl|NC_000913.3_cds_NP_415123.1_589,0.0146081628608
lcl|NC_000913.3_cds_NP_415125.1_591,0.0205899998634
lcl|NC_000913.3_cds_NP_415126.1_592,0.0130222593182
lcl|NC_000913.3_cds_NP_415128.1_594,0.0138121918054
lcl|NC_000913.3_cds_NP_415132.1_598,0.118961308075
lcl|NC_000913.3_cds_NP_415133.1_599,0.125068015151
lcl|NC_000913.3_cds_NP_415138.1_604,24.0525995838
lcl|NC_000913.3_cds_NP_415139.2_605,1.35878940184
lcl|NC_000913.3_cds_NP_415141.1_607,0.0382570664945
lcl|NC_000913.3_cds_NP_415143.1_608,0.694523506146
lcl|NC_000913.3_cds_NP_415146.1_611,1.0
lcl|NC_000913.3_cds_NP_415147.1_612,1.0
lcl|NC_000913.3_cds_NP_415148.1_613,1.0
lcl|NC_000913.3_cds_NP_415151.4_616,1.0
lcl|NC_000913.3_cds_NP_415152.1_617,0.000870776964839
lcl|NC_000913.3_cds_NP_415153.1_618,0.0469729403758
lcl|NC_000913.3_cds_NP_415156.1_621,29.811929016
lcl|NC_000913.3_cds_NP_415167.1_631,0.0803627916755
lcl|NC_000913.3_cds_NP_415168.1_632,0.063487366114
lcl|NC_000913.3_cds_NP_415172.1_636,0.0711073603682
lcl|NC_000913.3_cds_NP_415176.1_640,0.304039062038
lcl|NC_000913.3_cds_NP_415183.1_647,1.0
lcl|NC_000913.3_cds_NP_415185.1_649,0.181219287453
lcl|NC_000913.3_cds_NP_415186.1_650,0.0433822285087
lcl|NC_000913.3_cds_NP_415187.1_651,0.0387901982081
lcl|NC_000913.3_cds_NP_415190.1_654,0.0936193308185
lcl|NC_000913.3_cds_NP_415193.2_657,0.557620849808
lcl|NC_000913.3_cds_NP_415194.1_658,0.924775497551
lcl|NC_000913.3_cds_NP_415200.1_660,0.545603206273
lcl|NC_000913.3_cds_NP_415201.1_661,0.478994732425
lcl|NC_000913.3_cds_NP_415202.1_662,0.131614923593
lcl|NC_000913.3_cds_NP_415204.1_664,0.35555593327
lcl|NC_000913.3_cds_NP_415205.1_665,0.198241137687
lcl|NC_000913.3_cds_NP_415206.1_666,1.64726363337
lcl|NC_000913.3_cds_NP_415219.1_679,0.0101056402061
lcl|NC_000913.3_cds_NP_415222.1_682,0.0312773028714
lcl|NC_000913.3_cds_NP_415223.1_683,0.0145020898398
lcl|NC_000913.3_cds_NP_415224.1_684,1.0
lcl|NC_000913.3_cds_NP_415229.1_689,1.0
lcl|NC_000913.3_cds_NP_415235.1_696,0.0909507618547
lcl|NC_000913.3_cds_NP_415237.1_698,0.0174423332569
lcl|NC_000913.3_cds_NP_415238.1_699,0.602180512766
lcl|NC_000913.3_cds_NP_415239.1_700,0.0768229373655
lcl|NC_000913.3_cds_NP_415249.1_710,0.957994619285
lcl|NC_000913.3_cds_NP_415250.1_711,0.701090616637
lcl|NC_000913.3_cds_NP_415254.1_714,0.929276595603
lcl|NC_000913.3_cds_NP_415255.1_715,2.74332854686
lcl|NC_000913.3_cds_NP_415257.1_717,1.76620653697
lcl|NC_000913.3_cds_YP_588444.1_723,1.09729252858
lcl|NC_000913.3_cds_NP_415263.1_724,0.0990813718003
lcl|NC_000913.3_cds_NP_415265.1_726,0.313104498481
lcl|NC_000913.3_cds_NP_415266.1_727,0.186397622201
lcl|NC_000913.3_cds_NP_415276.1_737,7.39996021723
lcl|NC_000913.3_cds_NP_415279.1_740,0.076390264409
lcl|NC_000913.3_cds_NP_415280.3_741,0.390526215856
lcl|NC_000913.3_cds_NP_415283.1_744,1.48233345011
lcl|NC_000913.3_cds_NP_415286.1_747,0.015266456504
lcl|NC_000913.3_cds_NP_415287.1_748,0.336027831537
lcl|NC_000913.3_cds_NP_415296.1_757,1.24312249704
lcl|NC_000913.3_cds_NP_415299.1_760,0.627461155085
lcl|NC_000913.3_cds_NP_415301.1_762,0.0430020245662
lcl|NC_000913.3_cds_NP_415304.1_765,0.320495392565
lcl|NC_000913.3_cds_NP_415305.1_766,0.249924566049
lcl|NC_000913.3_cds_NP_415306.1_767,0.229265363301
lcl|NC_000913.3_cds_NP_415307.1_768,0.325769749238
lcl|NC_000913.3_cds_NP_415318.1_779,0.136145875486
lcl|NC_000913.3_cds_NP_415325.4_786,0.0202112804122
lcl|NC_000913.3_cds_NP_415330.1_791,0.099204218199
lcl|NC_000913.3_cds_NP_415334.1_795,0.0253637791443
lcl|NC_000913.3_cds_NP_415342.1_803,0.0625977850382
lcl|NC_000913.3_cds_NP_415343.1_804,0.139324346526
lcl|NC_000913.3_cds_NP_415344.1_805,0.00505282010304
lcl|NC_000913.3_cds_NP_415346.4_807,0.0388421894642
lcl|NC_000913.3_cds_NP_415361.1_822,0.09643632034
lcl|NC_000913.3_cds_NP_415363.1_824,0.0440077262142
lcl|NC_000913.3_cds_NP_415365.4_826,0.0835455455331
lcl|NC_000913.3_cds_NP_415366.1_827,0.0342232343065
lcl|NC_000913.3_cds_NP_415372.1_833,0.435880411458
lcl|NC_000913.3_cds_NP_415378.1_839,0.0124162370874
lcl|NC_000913.3_cds_NP_415383.1_844,0.0838344980252
lcl|NC_000913.3_cds_NP_415385.1_846,0.246988682187
lcl|NC_000913.3_cds_NP_415387.1_848,0.266946130629
lcl|NC_000913.3_cds_NP_415392.1_853,0.0750557851896
lcl|NC_000913.3_cds_NP_415393.1_854,0.00680065313208
lcl|NC_000913.3_cds_NP_415395.2_856,0.0589747155856
lcl|NC_000913.3_cds_NP_415397.1_858,0.0493301782373
lcl|NC_000913.3_cds_NP_415408.1_869,1.90260037632
lcl|NC_000913.3_cds_NP_415412.1_873,0.070557431117
lcl|NC_000913.3_cds_NP_415414.4_875,0.00971724255324
lcl|NC_000913.3_cds_NP_415415.1_876,0.0117790767494
lcl|NC_000913.3_cds_NP_415416.1_877,0.00892473271841
lcl|NC_000913.3_cds_NP_415419.2_880,0.00311459082627
lcl|NC_000913.3_cds_NP_415424.1_885,0.0998467827508
lcl|NC_000913.3_cds_NP_415428.1_889,0.43441903934
lcl|NC_000913.3_cds_NP_415429.2_890,0.0135539972295
lcl|NC_000913.3_cds_NP_415434.1_895,0.19199723949
lcl|NC_000913.3_cds_NP_415437.1_898,1.37540759099
lcl|NC_000913.3_cds_NP_415438.1_899,0.657173966773
lcl|NC_000913.3_cds_NP_415444.1_905,0.282794872224
lcl|NC_000913.3_cds_NP_415446.1_907,0.523900086373
lcl|NC_000913.3_cds_NP_415447.1_908,0.420217821843
lcl|NC_000913.3_cds_NP_415448.1_909,1.6298544116
lcl|NC_000913.3_cds_NP_415452.1_913,0.778229833176
lcl|NC_000913.3_cds_NP_415454.4_915,1.0
lcl|NC_000913.3_cds_NP_415455.1_916,0.00594382098189
lcl|NC_000913.3_cds_NP_415470.1_931,0.0299026627442
lcl|NC_000913.3_cds_NP_415476.1_937,0.158396890999
lcl|NC_000913.3_cds_NP_415480.2_941,0.0387301317453
lcl|NC_000913.3_cds_NP_415482.1_943,0.069564044315
lcl|NC_000913.3_cds_NP_415483.2_944,0.856942098007
lcl|NC_000913.3_cds_NP_415493.1_954,1.0
lcl|NC_000913.3_cds_NP_415496.1_957,1.0
lcl|NC_000913.3_cds_NP_415497.1_958,0.0082125688881
lcl|NC_000913.3_cds_NP_415501.1_962,0.0158386091499
lcl|NC_000913.3_cds_NP_415510.1_972,0.0761533165818
lcl|NC_000913.3_cds_NP_415516.1_979,1.0
lcl|NC_000913.3_cds_NP_415517.1_980,0.00216549432987
lcl|NC_000913.3_cds_NP_415519.1_982,0.150634192171
lcl|NC_000913.3_cds_NP_415520.1_983,0.166687715357
lcl|NC_000913.3_cds_NP_415524.1_987,0.277683720928
lcl|NC_000913.3_cds_NP_415529.1_992,1.0
lcl|NC_000913.3_cds_NP_415532.3_995,0.00288732577317
lcl|NC_000913.3_cds_NP_415535.1_998,0.282852367116
lcl|NC_000913.3_cds_NP_415552.1_1013,0.274535935427
lcl|NC_000913.3_cds_NP_415554.4_1015,0.0425964970381
lcl|NC_000913.3_cds_NP_415563.1_1024,0.0665322240251
lcl|NC_000913.3_cds_NP_415564.2_1025,0.0115101598378
lcl|NC_000913.3_cds_NP_415568.1_1029,0.0189322170764
lcl|NC_000913.3_cds_NP_415571.1_1031,0.00506890756491
lcl|NC_000913.3_cds_NP_415573.1_1033,0.927494406023
lcl|NC_000913.3_cds_NP_415577.1_1037,0.307425787845
lcl|NC_000913.3_cds_NP_415583.4_1043,0.00360915721646
lcl|NC_000913.3_cds_NP_415584.1_1044,0.125579503872
lcl|NC_000913.3_cds_NP_415587.1_1047,0.0975491790639
lcl|NC_000913.3_cds_NP_415589.1_1049,0.0574264947369
lcl|NC_000913.3_cds_NP_415591.1_1051,0.0162185240448
lcl|NC_000913.3_cds_NP_415592.1_1052,0.0150528206504
lcl|NC_000913.3_cds_NP_415594.1_1054,0.0318099955532
lcl|NC_000913.3_cds_NP_415595.1_1055,0.00881611123469
lcl|NC_000913.3_cds_NP_415599.1_1059,1.0
lcl|NC_000913.3_cds_NP_415601.1_1061,0.0156285608251
lcl|NC_000913.3_cds_NP_415604.1_1064,0.432259497301
lcl|NC_000913.3_cds_NP_415605.2_1065,0.238948305328
lcl|NC_000913.3_cds_NP_415606.1_1066,1.18076714865
lcl|NC_000913.3_cds_NP_415608.2_1068,0.0611470109745
lcl|NC_000913.3_cds_NP_415611.1_1071,4.21384093691
lcl|NC_000913.3_cds_NP_415614.1_1074,0.032077672897
lcl|NC_000913.3_cds_NP_415616.1_1076,0.181531241516
lcl|NC_000913.3_cds_NP_415617.1_1077,0.0479697356857
lcl|NC_000913.3_cds_NP_415618.1_1078,0.256191154636
lcl|NC_000913.3_cds_NP_415624.1_1084,0.0106594177237
lcl|NC_000913.3_cds_NP_415626.4_1086,0.528837905373
lcl|NC_000913.3_cds_NP_415628.1_1088,0.0134448250346
lcl|NC_000913.3_cds_NP_415632.1_1092,0.172541926038
lcl|NC_000913.3_cds_NP_415633.1_1093,1.0
lcl|NC_000913.3_cds_NP_415634.1_1094,0.086907197695
lcl|NC_000913.3_cds_NP_415637.1_1097,0.054746462342
lcl|NC_000913.3_cds_NP_415638.2_1098,0.245445525022
lcl|NC_000913.3_cds_NP_415642.1_1102,0.205686408931
lcl|NC_000913.3_cds_NP_415644.1_1104,0.639485840568
lcl|NC_000913.3_cds_NP_415645.1_1105,0.0887554619372
lcl|NC_000913.3_cds_NP_415646.4_1106,0.438051947585
lcl|NC_000913.3_cds_NP_415649.1_1109,1.48961831246
lcl|NC_000913.3_cds_NP_415650.1_1110,0.174013798325
lcl|NC_000913.3_cds_NP_415652.1_1112,0.0882282905442
lcl|NC_000913.3_cds_NP_415665.2_1124,0.00938380876279
lcl|NC_000913.3_cds_NP_415671.1_1131,1.0
lcl|NC_000913.3_cds_NP_415693.1_1156,1.34004840533
lcl|NC_000913.3_cds_NP_415703.3_1166,0.374062417295
lcl|NC_000913.3_cds_NP_415707.1_1170,0.342109686589
lcl|NC_000913.3_cds_NP_415716.4_1179,0.128354480732
lcl|NC_000913.3_cds_NP_415718.6_1181,0.0682617640614
lcl|NC_000913.3_cds_NP_415723.1_1186,0.062210386795
lcl|NC_000913.3_cds_NP_415724.2_1187,0.0418462991704
lcl|NC_000913.3_cds_NP_415725.1_1188,3.05653951457
lcl|NC_000913.3_cds_NP_415734.1_1200,0.0952415887457
lcl|NC_000913.3_cds_NP_415737.1_1203,0.657176204564
lcl|NC_000913.3_cds_NP_415740.1_1206,0.0173526280191
lcl|NC_000913.3_cds_NP_415741.1_1207,0.00433098865975
lcl|NC_000913.3_cds_NP_415743.1_1209,0.0115493030927
lcl|NC_000913.3_cds_NP_415745.1_1211,0.0158802917524
lcl|NC_000913.3_cds_NP_415753.1_1218,18.4049430601
lcl|NC_000913.3_cds_NP_415763.1_1227,0.735918619649
lcl|NC_000913.3_cds_NP_415765.1_1229,0.0982448946095
lcl|NC_000913.3_cds_YP_001165316.1_1230,0.73772437659
lcl|NC_000913.3_cds_NP_415776.1_1241,0.284400984903
lcl|NC_000913.3_cds_NP_415782.1_1247,0.0261119391666
lcl|NC_000913.3_cds_NP_415786.1_1251,0.0681046178145
lcl|NC_000913.3_cds_NP_415790.1_1255,0.62882875789
lcl|NC_000913.3_cds_NP_415793.1_1260,0.470861689458
lcl|NC_000913.3_cds_NP_415796.1_1263,0.0411440437642
lcl|NC_000913.3_cds_NP_415797.1_1264,0.658002319482
lcl|NC_000913.3_cds_NP_415800.1_1267,0.326980624547
lcl|NC_000913.3_cds_YP_001165317.1_1268,0.0828731508325
lcl|NC_000913.3_cds_NP_415802.1_1271,1.188032246
lcl|NC_000913.3_cds_NP_415806.1_1275,0.0532421984166
lcl|NC_000913.3_cds_NP_415808.1_1277,0.0354771983116
lcl|NC_000913.3_cds_NP_415811.1_1280,0.134254678309
lcl|NC_000913.3_cds_NP_415812.4_1281,0.0100102903662
lcl|NC_000913.3_cds_NP_415813.4_1282,0.0663092215344
lcl|NC_000913.3_cds_NP_415814.4_1283,0.0717158522935
lcl|NC_000913.3_cds_NP_415815.1_1284,0.0675688955406
lcl|NC_000913.3_cds_NP_415816.1_1285,0.0388689702129
lcl|NC_000913.3_cds_NP_415817.1_1286,0.0441187913133
lcl|NC_000913.3_cds_NP_415820.1_1289,0.401355576591
lcl|NC_000913.3_cds_NP_415822.1_1291,0.077718351112
lcl|NC_000913.3_cds_NP_415831.1_1300,1.0
lcl|NC_000913.3_cds_NP_415854.4_1325,0.00416453252282
lcl|NC_000913.3_cds_NP_415855.1_1326,0.0106175162994
lcl|NC_000913.3_cds_NP_415857.2_1328,0.185510680926
lcl|NC_000913.3_cds_NP_415866.1_1337,0.00438980272065
lcl|NC_000913.3_cds_NP_415872.2_1342,0.00308015718474
lcl|NC_000913.3_cds_NP_415876.1_1346,0.0187676175256
lcl|NC_000913.3_cds_NP_415888.1_1357,0.019061771564
lcl|NC_000913.3_cds_NP_415896.1_1365,0.194628852222
lcl|NC_000913.3_cds_NP_415899.1_1369,0.0147417588313
lcl|NC_000913.3_cds_NP_415906.1_1376,1.0
lcl|NC_000913.3_cds_NP_415907.1_1377,1.0
lcl|NC_000913.3_cds_NP_415909.4_1379,1.0
lcl|NC_000913.3_cds_NP_415915.1_1385,0.00577465154633
lcl|NC_000913.3_cds_NP_415917.1_1387,0.0458810698318
lcl|NC_000913.3_cds_NP_415918.1_1388,0.072691624007
lcl|NC_000913.3_cds_NP_415924.1_1394,0.0501476122499
lcl|NC_000913.3_cds_NP_415930.1_1400,0.422472072263
lcl|NC_000913.3_cds_NP_415931.4_1401,0.139064190032
lcl|NC_000913.3_cds_NP_415935.2_1405,0.465671460142
lcl|NC_000913.3_cds_NP_415940.1_1411,0.00794014587621
lcl|NC_000913.3_cds_NP_415946.1_1416,0.0219805447134
lcl|NC_000913.3_cds_NP_415952.2_1423,0.156336759067
lcl|NC_000913.3_cds_NP_415958.1_1429,0.00721831443292
lcl|NC_000913.3_cds_NP_415959.1_1430,0.00433098865975
lcl|NC_000913.3_cds_NP_415960.1_1431,1.0
lcl|NC_000913.3_cds_NP_415962.2_1434,0.0799779810967
lcl|NC_000913.3_cds_NP_415964.1_1436,0.00966807615261
lcl|NC_000913.3_cds_NP_415965.1_1437,0.175333588772
lcl|NC_000913.3_cds_NP_415966.6_1438,0.0494571418316
lcl|NC_000913.3_cds_NP_415981.1_1452,0.0706649041245
lcl|NC_000913.3_cds_NP_415985.1_1456,0.00400732328849
lcl|NC_000913.3_cds_NP_415986.1_1457,0.0101056402061
lcl|NC_000913.3_cds_NP_415990.5_1460,0.0371344727863
lcl|NC_000913.3_cds_NP_415993.1_1463,1.0
lcl|NC_000913.3_cds_NP_416001.1_1471,1.0
lcl|NC_000913.3_cds_NP_416032.1_1501,1.0
lcl|NC_000913.3_cds_NP_416035.1_1504,0.0368134036079
lcl|NC_000913.3_cds_NP_416037.2_1506,0.0296787784288
lcl|NC_000913.3_cds_NP_416039.1_1508,0.00113201005429
lcl|NC_000913.3_cds_NP_416040.1_1509,0.0466695532499
lcl|NC_000913.3_cds_NP_416041.1_1510,0.0782997041666
lcl|NC_000913.3_cds_NP_416043.1_1512,0.0285695809667
lcl|NC_000913.3_cds_NP_416050.4_1519,0.0289173829111
lcl|NC_000913.3_cds_NP_416090.2_1561,1.0
lcl|NC_000913.3_cds_NP_416108.2_1579,0.141572023878
lcl|NC_000913.3_cds_NP_416110.4_1581,0.0142245865748
lcl|NC_000913.3_cds_NP_416112.1_1583,0.0152067226947
lcl|NC_000913.3_cds_NP_416113.1_1584,0.0115866401466
lcl|NC_000913.3_cds_NP_416116.1_1588,0.0208380811002
lcl|NC_000913.3_cds_NP_416123.1_1595,0.0464856240318
lcl|NC_000913.3_cds_NP_416124.1_1596,0.0583829748243
lcl|NC_000913.3_cds_NP_416126.1_1598,0.0286249209861
lcl|NC_000913.3_cds_NP_416127.1_1599,0.0530544366539
lcl|NC_000913.3_cds_NP_416130.3_1602,0.451690325104
lcl|NC_000913.3_cds_NP_416134.1_1606,0.00268819418427
lcl|NC_000913.3_cds_NP_416137.1_1609,0.0222218574737
lcl|NC_000913.3_cds_NP_416139.1_1611,0.0515685142846
lcl|NC_000913.3_cds_NP_416143.2_1616,0.102964812051
lcl|NC_000913.3_cds_NP_416144.1_1617,0.0944684641032
lcl|NC_000913.3_cds_NP_416145.1_1618,0.084906091262
lcl|NC_000913.3_cds_NP_416146.1_1619,0.104225236541
lcl|NC_000913.3_cds_NP_416147.1_1620,0.0712385780629
lcl|NC_000913.3_cds_NP_416149.1_1622,0.0883261316996
lcl|NC_000913.3_cds_NP_416152.1_1625,0.280387685699
lcl|NC_000913.3_cds_NP_416155.1_1628,0.297099142828
lcl|NC_000913.3_cds_NP_416157.1_1630,0.0673188959575
lcl|NC_000913.3_cds_NP_416165.2_1638,0.0332042463914
lcl|NC_000913.3_cds_NP_416173.1_1646,8.33443337721
lcl|NC_000913.3_cds_NP_416178.1_1652,0.338033890805
lcl|NC_000913.3_cds_NP_416179.1_1653,0.607100499596
lcl|NC_000913.3_cds_YP_025307.1_1654,0.117682227431
lcl|NC_000913.3_cds_NP_416186.4_1660,1.0
lcl|NC_000913.3_cds_NP_416196.1_1670,0.0302026067275
lcl|NC_000913.3_cds_NP_416197.1_1671,0.0535637863715
lcl|NC_000913.3_cds_NP_416198.2_1672,0.0300916538645
lcl|NC_000913.3_cds_NP_416201.1_1675,0.251689519079
lcl|NC_000913.3_cds_NP_416208.1_1682,0.168586418746
lcl|NC_000913.3_cds_NP_416209.1_1683,0.00424095233776
lcl|NC_000913.3_cds_NP_416215.1_1689,1.0
lcl|NC_000913.3_cds_NP_416224.1_1698,0.0342564153161
lcl|NC_000913.3_cds_NP_416225.1_1699,0.157225922355
lcl|NC_000913.3_cds_NP_416226.1_1700,0.0189853740178
lcl|NC_000913.3_cds_NP_416228.1_1702,1.81294354625
lcl|NC_000913.3_cds_NP_416229.1_1703,1.61622345216
lcl|NC_000913.3_cds_NP_416231.1_1705,22.2225993331
lcl|NC_000913.3_cds_NP_416240.1_1715,0.103602719137
lcl|NC_000913.3_cds_NP_416242.6_1717,0.0175751910911
lcl|NC_000913.3_cds_NP_416250.1_1725,0.0255307695752
lcl|NC_000913.3_cds_NP_416254.1_1729,0.957636278604
lcl|NC_000913.3_cds_NP_416255.1_1730,0.0298788567378
lcl|NC_000913.3_cds_NP_416265.4_1740,0.0083771269855
lcl|NC_000913.3_cds_NP_416267.1_1742,0.0144207970377
lcl|NC_000913.3_cds_NP_416272.2_1747,0.0337712345184
lcl|NC_000913.3_cds_NP_416277.1_1752,0.0832769770909
lcl|NC_000913.3_cds_NP_416278.1_1753,0.62550933233
lcl|NC_000913.3_cds_NP_416282.4_1757,0.281976694413
lcl|NC_000913.3_cds_NP_416292.1_1767,0.900064642321
lcl|NC_000913.3_cds_NP_416294.4_1769,0.458047123544
lcl|NC_000913.3_cds_NP_416298.1_1773,0.106831053607
lcl|NC_000913.3_cds_NP_416309.1_1786,0.622398733255
lcl|NC_000913.3_cds_NP_416310.1_1787,0.0259859319585
lcl|NC_000913.3_cds_NP_416313.4_1790,0.022971436794
lcl|NC_000913.3_cds_NP_416315.1_1792,1.0
lcl|NC_000913.3_cds_NP_416320.1_1797,0.128430180876
lcl|NC_000913.3_cds_NP_416321.1_1798,0.306709880705
lcl|NC_000913.3_cds_NP_416322.1_1799,0.0133955140146
lcl|NC_000913.3_cds_NP_416325.1_1802,0.350498011971
lcl|NC_000913.3_cds_NP_416331.1_1808,0.652569784097
lcl|NC_000913.3_cds_NP_416340.1_1817,0.255998242996
lcl|NC_000913.3_cds_NP_416343.1_1821,0.809606039512
lcl|NC_000913.3_cds_NP_416346.4_1824,0.684550434582
lcl|NC_000913.3_cds_NP_416347.1_1825,0.0140795002947
lcl|NC_000913.3_cds_NP_416348.2_1826,0.0291696199967
lcl|NC_000913.3_cds_NP_416351.2_1829,0.0329868677239
lcl|NC_000913.3_cds_NP_416362.1_1840,0.4591046117
lcl|NC_000913.3_cds_NP_416372.1_1850,0.175201731112
lcl|NC_000913.3_cds_NP_416378.1_1857,2.89536090463
lcl|NC_000913.3_cds_NP_416383.4_1862,0.0727173779275
lcl|NC_000913.3_cds_NP_416384.1_1863,0.282893284365
lcl|NC_000913.3_cds_NP_416385.1_1864,0.19193653303
lcl|NC_000913.3_cds_NP_416386.4_1865,0.00506890756491
lcl|NC_000913.3_cds_NP_416389.4_1868,0.105690318488
lcl|NC_000913.3_cds_NP_416390.1_1869,0.903400788208
lcl|NC_000913.3_cds_NP_416394.1_1873,1.0
lcl|NC_000913.3_cds_NP_416398.1_1877,1.0
lcl|NC_000913.3_cds_NP_416399.1_1878,1.0
lcl|NC_000913.3_cds_NP_416402.1_1881,0.00646161464652
lcl|NC_000913.3_cds_NP_416403.1_1882,1.0
lcl|NC_000913.3_cds_NP_416404.1_1883,1.0
lcl|NC_000913.3_cds_NP_416407.1_1886,1.0
lcl|NC_000913.3_cds_NP_416415.1_1894,0.0884613101444
lcl|NC_000913.3_cds_NP_416416.2_1895,0.600324167377
lcl|NC_000913.3_cds_NP_416418.1_1898,1.52149989085
lcl|NC_000913.3_cds_NP_416420.1_1900,0.0633959800404
lcl|NC_000913.3_cds_NP_416423.4_1903,0.0750233333973
lcl|NC_000913.3_cds_NP_416425.1_1905,1.26789098987
lcl|NC_000913.3_cds_NP_416432.3_1912,0.00760336134737
lcl|NC_000913.3_cds_NP_416433.1_1913,0.0311367070782
lcl|NC_000913.3_cds_NP_416434.1_1914,0.00433098865975
lcl|NC_000913.3_cds_NP_416439.1_1919,0.376994218371
lcl|NC_000913.3_cds_YP_025310.1_1921,0.0245422690719
lcl|NC_000913.3_cds_NP_416450.2_1928,1.0
lcl|NC_000913.3_cds_NP_416452.1_1930,1.0
lcl|NC_000913.3_cds_NP_416453.1_1931,0.00360915721646
lcl|NC_000913.3_cds_NP_416457.4_1935,1.0
lcl|NC_000913.3_cds_NP_416460.1_1938,1.0
lcl|NC_000913.3_cds_NP_416462.1_1940,0.441669467226
lcl|NC_000913.3_cds_NP_416467.1_1945,0.0738154955976
lcl|NC_000913.3_cds_NP_416471.1_1949,0.0305322030087
lcl|NC_000913.3_cds_NP_416476.1_1952,0.1508323042
lcl|NC_000913.3_cds_NP_416480.1_1956,0.0177185329753
lcl|NC_000913.3_cds_NP_416481.1_1957,0.0194894489689
lcl|NC_000913.3_cds_YP_026164.1_1981,0.0453036964324
lcl|NC_000913.3_cds_NP_416512.1_1991,0.0216161612205
lcl|NC_000913.3_cds_NP_416513.1_1992,0.0542189508119
lcl|NC_000913.3_cds_NP_416515.1_1994,0.100182034945
lcl|NC_000913.3_cds_NP_416517.1_1996,0.0644274540164
lcl|NC_000913.3_cds_NP_416519.4_1999,0.0026054529909
lcl|NC_000913.3_cds_NP_416520.1_2000,0.259888455032
lcl|NC_000913.3_cds_NP_416524.1_2005,0.45949381622
lcl|NC_000913.3_cds_NP_416526.4_2007,0.584080668557
lcl|NC_000913.3_cds_NP_416528.2_2009,0.271531724425
lcl|NC_000913.3_cds_NP_416529.1_2010,0.28644535197
lcl|NC_000913.3_cds_NP_416546.1_2027,1.39230368559
lcl|NC_000913.3_cds_NP_416550.1_2031,1.0
lcl|NC_000913.3_cds_NP_416551.1_2032,1.0
lcl|NC_000913.3_cds_NP_416553.1_2034,0.00288732577317
lcl|NC_000913.3_cds_NP_416554.1_2035,1.0
lcl|NC_000913.3_cds_NP_416555.2_2036,1.0
lcl|NC_000913.3_cds_NP_416562.1_2043,1.0
lcl|NC_000913.3_cds_NP_416569.1_2050,0.309352324037
lcl|NC_000913.3_cds_NP_416576.1_2057,1.0
lcl|NC_000913.3_cds_NP_416577.1_2058,1.0
lcl|NC_000913.3_cds_NP_416578.2_2061,0.0228563979756
lcl|NC_000913.3_cds_NP_416580.1_2063,0.0062457968114
lcl|NC_000913.3_cds_NP_416582.1_2065,0.0097995238064
lcl|NC_000913.3_cds_NP_416586.1_2069,0.232630391962
lcl|NC_000913.3_cds_NP_416592.2_2074,1.0
lcl|NC_000913.3_cds_NP_416594.1_2076,0.280607107516
lcl|NC_000913.3_cds_NP_416599.2_2081,2.33538746225
lcl|NC_000913.3_cds_NP_416617.1_2099,1.38595822815
lcl|NC_000913.3_cds_NP_416624.1_2104,1.0
lcl|NC_000913.3_cds_NP_416630.1_2110,0.0114314800886
lcl|NC_000913.3_cds_NP_416633.1_2114,0.0469190438139
lcl|NC_000913.3_cds_NP_416640.2_2121,0.0225978926018
lcl|NC_000913.3_cds_NP_416648.1_2128,0.10495369069
lcl|NC_000913.3_cds_NP_416651.1_2131,0.0082125688881
lcl|NC_000913.3_cds_NP_416653.1_2133,0.0263753726445
lcl|NC_000913.3_cds_NP_416657.1_2137,0.0124858556369
lcl|NC_000913.3_cds_NP_416658.1_2138,2.16314221193
lcl|NC_000913.3_cds_NP_416661.1_2141,0.403146533087
lcl|NC_000913.3_cds_NP_416663.1_2143,0.0360071585389
lcl|NC_000913.3_cds_NP_416665.1_2145,0.0107241140958
lcl|NC_000913.3_cds_NP_416666.1_2146,1.0
lcl|NC_000913.3_cds_NP_416667.1_2147,1.0
lcl|NC_000913.3_cds_YP_588461.1_2156,1.0
lcl|NC_000913.3_cds_NP_416677.1_2158,0.0322715866917
lcl|NC_000913.3_cds_NP_416678.1_2159,0.102087375005
lcl|NC_000913.3_cds_NP_416685.1_2166,0.00979115778448
lcl|NC_000913.3_cds_NP_416688.1_2169,0.556201291357
lcl|NC_000913.3_cds_NP_416691.1_2172,0.464460031281
lcl|NC_000913.3_cds_NP_416696.1_2176,0.019061771564
lcl|NC_000913.3_cds_NP_416697.1_2177,0.298229586746
lcl|NC_000913.3_cds_NP_416699.1_2179,0.0177908907362
lcl|NC_000913.3_cds_NP_416700.1_2180,0.0104850500967
lcl|NC_000913.3_cds_NP_416703.1_2183,0.0409249272751
lcl|NC_000913.3_cds_NP_416712.1_2192,1.0
lcl|NC_000913.3_cds_NP_416715.1_2195,0.0557849018068
lcl|NC_000913.3_cds_NP_416721.1_2201,1.48563049034
lcl|NC_000913.3_cds_NP_416723.1_2203,0.00216549432987
lcl|NC_000913.3_cds_NP_416727.1_2207,1.0
lcl|NC_000913.3_cds_NP_416728.1_2208,1.0
lcl|NC_000913.3_cds_NP_416733.4_2213,1.0
lcl|NC_000913.3_cds_NP_416740.1_2220,0.119765868045
lcl|NC_000913.3_cds_NP_416744.1_2224,1.0
lcl|NC_000913.3_cds_NP_416746.1_2226,0.00360915721646
lcl|NC_000913.3_cds_NP_416747.1_2227,0.0352623413334
lcl|NC_000913.3_cds_NP_416752.1_2233,0.148393469061
lcl|NC_000913.3_cds_NP_416754.1_2235,0.0480946536966
lcl|NC_000913.3_cds_NP_416757.1_2238,0.0492884474283
lcl|NC_000913.3_cds_NP_416758.1_2239,0.0397865212146
lcl|NC_000913.3_cds_NP_416759.1_2240,0.0281514262884
lcl|NC_000913.3_cds_NP_416763.1_2245,0.0347506128622
lcl|NC_000913.3_cds_NP_416768.4_2250,0.0363562172255
lcl|NC_000913.3_cds_NP_416783.1_2265,0.297410650961
lcl|NC_000913.3_cds_NP_416785.1_2267,0.361536352699
lcl|NC_000913.3_cds_NP_416787.1_2269,0.599932172409
lcl|NC_000913.3_cds_NP_416790.1_2272,1.10097618753
lcl|NC_000913.3_cds_NP_416793.1_2275,0.462699587242
lcl|NC_000913.3_cds_NP_416797.2_2279,0.923156449447
lcl|NC_000913.3_cds_NP_416798.1_2280,0.20404064165
lcl|NC_000913.3_cds_NP_416803.3_2285,0.391886659042
lcl|NC_000913.3_cds_NP_416805.1_2287,0.155915591751
lcl|NC_000913.3_cds_NP_416807.1_2289,0.0956337677324
lcl|NC_000913.3_cds_NP_416811.1_2293,0.0350558688247
lcl|NC_000913.3_cds_NP_416815.1_2297,0.35662219251
lcl|NC_000913.3_cds_NP_416816.1_2298,0.0760888562819
lcl|NC_000913.3_cds_NP_416819.1_2301,1.86588567008
lcl|NC_000913.3_cds_NP_416824.1_2306,0.0630232851245
lcl|NC_000913.3_cds_NP_416825.1_2307,0.0243878350989
lcl|NC_000913.3_cds_NP_416827.4_2309,0.0469740532836
lcl|NC_000913.3_cds_NP_416828.1_2310,0.627096501704
lcl|NC_000913.3_cds_NP_416832.1_2314,0.367805266022
lcl|NC_000913.3_cds_NP_416833.4_2315,0.518857224503
lcl|NC_000913.3_cds_NP_416843.1_2325,0.00763829141895
lcl|NC_000913.3_cds_NP_416866.1_2350,0.00266964927966
lcl|NC_000913.3_cds_NP_416867.1_2351,0.112782778023
lcl|NC_000913.3_cds_NP_416878.1_2362,0.0523550308099
lcl|NC_000913.3_cds_NP_416879.4_2363,0.00510048984906
lcl|NC_000913.3_cds_NP_416883.1_2368,0.0101056402061
lcl|NC_000913.3_cds_NP_416884.1_2369,0.00196317945824
lcl|NC_000913.3_cds_NP_416887.1_2372,1.0
lcl|NC_000913.3_cds_NP_416889.1_2374,0.244695789534
lcl|NC_000913.3_cds_NP_416893.1_2377,0.0302956236226
lcl|NC_000913.3_cds_NP_416896.4_2380,0.0215534928017
lcl|NC_000913.3_cds_NP_416899.1_2383,2.46513395425
lcl|NC_000913.3_cds_NP_416901.1_2385,1.0
lcl|NC_000913.3_cds_NP_416902.1_2386,1.0
lcl|NC_000913.3_cds_NP_416904.1_2388,0.0230021449871
lcl|NC_000913.3_cds_NP_416905.1_2389,0.0729083446761
lcl|NC_000913.3_cds_YP_588464.1_2390,0.0618620248864
lcl|NC_000913.3_cds_NP_416907.1_2392,0.407378334166
lcl|NC_000913.3_cds_NP_416908.1_2393,0.14249487725
lcl|NC_000913.3_cds_NP_416909.1_2394,3.46420330248
lcl|NC_000913.3_cds_YP_026168.2_2403,0.283056170714
lcl|NC_000913.3_cds_NP_416921.4_2406,0.155172022485
lcl|NC_000913.3_cds_NP_416923.1_2408,0.0657644088107
lcl|NC_000913.3_cds_NP_416929.4_2414,0.140584764511
lcl|NC_000913.3_cds_NP_416932.1_2417,0.0081929918188
lcl|NC_000913.3_cds_NP_416936.4_2421,0.0515805351632
lcl|NC_000913.3_cds_NP_416947.1_2432,1.0
lcl|NC_000913.3_cds_NP_416949.1_2434,1.0
lcl|NC_000913.3_cds_NP_416952.2_2437,0.0367167921098
lcl|NC_000913.3_cds_NP_416956.1_2441,1.0
lcl|NC_000913.3_cds_NP_416959.1_2444,0.076844457927
lcl|NC_000913.3_cds_NP_416960.1_2445,0.0388237065543
lcl|NC_000913.3_cds_NP_416962.1_2447,0.0886339227521
lcl|NC_000913.3_cds_NP_416967.1_2453,0.278212154913
lcl|NC_000913.3_cds_NP_416971.1_2458,1.02353814165
lcl|NC_000913.3_cds_NP_416974.4_2461,0.176344223063
lcl|NC_000913.3_cds_NP_416976.4_2463,1.0
lcl|NC_000913.3_cds_NP_416982.1_2469,0.00288732577317
lcl|NC_000913.3_cds_NP_416983.1_2470,0.00649648298962
lcl|NC_000913.3_cds_NP_416984.1_2471,1.0
lcl|NC_000913.3_cds_NP_416986.4_2473,1.0
lcl|NC_000913.3_cds_NP_416987.1_2474,1.0
lcl|NC_000913.3_cds_NP_416988.1_2475,0.0549718340869
lcl|NC_000913.3_cds_NP_416991.2_2478,0.0503211937099
lcl|NC_000913.3_cds_NP_416993.2_2480,4.07173300018
lcl|NC_000913.3_cds_NP_416995.1_2482,0.16381875557
lcl|NC_000913.3_cds_NP_416997.1_2484,0.106437814554
lcl|NC_000913.3_cds_NP_417002.1_2489,4.13145730636
lcl|NC_000913.3_cds_NP_417005.2_2492,0.300737768742
lcl|NC_000913.3_cds_NP_417006.2_2493,0.615688497217
lcl|NC_000913.3_cds_NP_417008.1_2495,0.648312117689
lcl|NC_000913.3_cds_NP_417012.1_2499,0.62881309179
lcl|NC_000913.3_cds_NP_417016.4_2503,0.220095385216
lcl|NC_000913.3_cds_NP_417020.1_2507,1.50224344638
lcl|NC_000913.3_cds_NP_417023.1_2510,1.64284821938
lcl|NC_000913.3_cds_NP_417024.1_2511,4.09742139953
lcl|NC_000913.3_cds_NP_417027.1_2514,0.629275722668
lcl|NC_000913.3_cds_NP_417032.1_2519,0.0179794444286
lcl|NC_000913.3_cds_NP_417033.1_2521,0.00721831443292
lcl|NC_000913.3_cds_NP_417035.1_2523,0.0101056402061
lcl|NC_000913.3_cds_NP_417036.1_2524,0.00794014587621
lcl|NC_000913.3_cds_NP_417041.1_2529,1.0
lcl|NC_000913.3_cds_NP_417047.1_2535,0.226699142266
lcl|NC_000913.3_cds_NP_417049.1_2537,0.029375946757
lcl|NC_000913.3_cds_NP_417051.2_2539,0.0120748786217
lcl|NC_000913.3_cds_NP_417053.2_2541,0.0157472486871
lcl|NC_000913.3_cds_NP_417056.2_2544,0.0437504189194
lcl|NC_000913.3_cds_NP_417057.1_2545,0.167635438385
lcl|NC_000913.3_cds_NP_417059.1_2548,0.51945255274
lcl|NC_000913.3_cds_NP_417064.1_2553,1.0789450158
lcl|NC_000913.3_cds_NP_417065.1_2554,0.0673388349998
lcl|NC_000913.3_cds_NP_417069.1_2558,0.465918016912
lcl|NC_000913.3_cds_NP_417070.2_2559,0.061484699455
lcl|NC_000913.3_cds_NP_417071.1_2560,0.433442767114
lcl|NC_000913.3_cds_NP_417072.4_2561,0.0235950555449
lcl|NC_000913.3_cds_NP_417075.1_2564,0.264232213452
lcl|NC_000913.3_cds_NP_417076.1_2565,0.803923669445
lcl|NC_000913.3_cds_NP_417079.1_2568,0.00777875216218
lcl|NC_000913.3_cds_NP_417085.1_2574,0.509018059018
lcl|NC_000913.3_cds_NP_417099.4_2587,1.14851245381
lcl|NC_000913.3_cds_YP_026171.3_2591,0.0445997720973
lcl|NC_000913.3_cds_NP_417108.4_2596,0.26864182898
lcl|NC_000913.3_cds_NP_417110.1_2598,1.11081198931
lcl|NC_000913.3_cds_NP_417123.1_2611,1.0
lcl|NC_000913.3_cds_NP_417130.1_2619,1.0
lcl|NC_000913.3_cds_NP_417132.1_2622,1.0
lcl|NC_000913.3_cds_NP_417145.4_2628,0.0801232902054
lcl|NC_000913.3_cds_NP_417147.1_2630,0.0384683240226
lcl|NC_000913.3_cds_NP_417148.1_2631,0.0538847166391
lcl|NC_000913.3_cds_NP_417159.1_2642,0.207634910581
lcl|NC_000913.3_cds_NP_417160.1_2643,0.0141558962573
lcl|NC_000913.3_cds_NP_417162.1_2645,0.0243624163852
lcl|NC_000913.3_cds_NP_417167.1_2650,0.0759952815669
lcl|NC_000913.3_cds_NP_417169.1_2652,2.67826918083
lcl|NC_000913.3_cds_NP_417172.1_2655,3.26265978492
lcl|NC_000913.3_cds_NP_417173.1_2656,0.343699615819
lcl|NC_000913.3_cds_NP_417175.1_2658,0.160186493623
lcl|NC_000913.3_cds_NP_417177.1_2660,1.79090020344
lcl|NC_000913.3_cds_NP_417180.1_2663,0.211304954208
lcl|NC_000913.3_cds_YP_026181.1_2666,0.00649648298962
lcl|NC_000913.3_cds_NP_417184.1_2667,0.0193184572927
lcl|NC_000913.3_cds_NP_417188.4_2671,0.127390783322
lcl|NC_000913.3_cds_NP_417189.2_2672,0.0229646599256
lcl|NC_000913.3_cds_NP_417192.1_2675,0.00868300395777
lcl|NC_000913.3_cds_NP_417197.1_2680,0.0494659778024
lcl|NC_000913.3_cds_NP_417201.1_2684,0.00310405927184
lcl|NC_000913.3_cds_NP_417205.1_2688,1.0
lcl|NC_000913.3_cds_NP_417206.1_2689,1.0
lcl|NC_000913.3_cds_NP_417209.1_2692,0.0175454239876
lcl|NC_000913.3_cds_NP_417212.1_2695,0.0153643095223
lcl|NC_000913.3_cds_NP_417215.2_2698,0.0541926069882
lcl|NC_000913.3_cds_NP_417216.1_2699,0.00416453252282
lcl|NC_000913.3_cds_NP_417218.1_2701,1.0
lcl|NC_000913.3_cds_NP_417224.1_2707,0.0952591482006
lcl|NC_000913.3_cds_NP_417226.1_2709,0.302878615437
lcl|NC_000913.3_cds_NP_417227.1_2710,0.105776909795
lcl|NC_000913.3_cds_NP_417228.1_2711,0.0943526424669
lcl|NC_000913.3_cds_NP_417230.1_2713,0.97046142386
lcl|NC_000913.3_cds_NP_417232.1_2715,5.08256748466
lcl|NC_000913.3_cds_NP_417242.1_2725,0.244696286438
lcl|NC_000913.3_cds_NP_417243.1_2726,0.422828696749
lcl|NC_000913.3_cds_NP_417244.1_2727,0.349349875114
lcl|NC_000913.3_cds_NP_417245.1_2728,0.507901074459
lcl|NC_000913.3_cds_NP_417246.4_2729,0.000406362583592
lcl|NC_000913.3_cds_NP_417247.2_2730,1.0
lcl|NC_000913.3_cds_NP_417249.4_2732,0.00288732577317
lcl|NC_000913.3_cds_NP_417250.4_2733,1.0
lcl|NC_000913.3_cds_YP_026183.1_2735,1.0
lcl|NC_000913.3_cds_NP_417256.1_2738,0.00335276720888
lcl|NC_000913.3_cds_NP_417257.1_2739,0.219631180083
lcl|NC_000913.3_cds_NP_417261.1_2744,0.119014908749
lcl|NC_000913.3_cds_NP_417264.1_2747,0.107605531516
lcl|NC_000913.3_cds_NP_417265.1_2748,0.113542019527
lcl|NC_000913.3_cds_NP_417266.1_2749,0.0308115687483
lcl|NC_000913.3_cds_NP_417272.1_2755,0.251074503738
lcl|NC_000913.3_cds_NP_417273.1_2756,0.207965264663
lcl|NC_000913.3_cds_NP_417275.1_2758,0.19900616058
lcl|NC_000913.3_cds_NP_417276.1_2759,1.0983604151
lcl|NC_000913.3_cds_NP_417280.1_2763,1.0
lcl|NC_000913.3_cds_NP_417285.1_2768,0.0394242592225
lcl|NC_000913.3_cds_NP_417294.4_2777,0.0822204641148
lcl|NC_000913.3_cds_NP_417296.1_2779,0.0247872675076
lcl|NC_000913.3_cds_NP_417297.1_2780,0.0194716915617
lcl|NC_000913.3_cds_NP_417300.1_2783,1.0
lcl|NC_000913.3_cds_NP_417302.1_2785,1.0
lcl|NC_000913.3_cds_NP_417303.1_2786,1.0
lcl|NC_000913.3_cds_NP_417304.1_2787,0.549867931405
lcl|NC_000913.3_cds_NP_417313.1_2796,0.0502314123195
lcl|NC_000913.3_cds_NP_417315.1_2798,0.45316375811
lcl|NC_000913.3_cds_NP_417316.1_2799,0.0188615749677
lcl|NC_000913.3_cds_NP_417318.1_2801,0.00629922683628
lcl|NC_000913.3_cds_NP_417320.1_2803,0.0183200866459
lcl|NC_000913.3_cds_NP_417321.2_2804,0.0539781431691
lcl|NC_000913.3_cds_NP_417343.1_2824,0.0108274716494
lcl|NC_000913.3_cds_NP_417344.1_2825,0.0158802917524
lcl|NC_000913.3_cds_YP_026185.1_2827,1.0
lcl|NC_000913.3_cds_NP_417348.1_2829,0.00797447265695
lcl|NC_000913.3_cds_NP_417350.1_2831,0.00594382098189
lcl|NC_000913.3_cds_NP_417351.1_2832,0.00318071425332
lcl|NC_000913.3_cds_NP_417354.1_2835,1.0
lcl|NC_000913.3_cds_NP_417356.1_2837,0.00577465154633
lcl|NC_000913.3_cds_NP_417357.1_2838,0.00321480061644
lcl|NC_000913.3_cds_NP_417359.1_2840,0.016160814649
lcl|NC_000913.3_cds_YP_026186.1_2841,0.00595731434995
lcl|NC_000913.3_cds_NP_417362.4_2842,1.0
lcl|NC_000913.3_cds_NP_417370.1_2851,0.0448885493565
lcl|NC_000913.3_cds_NP_417372.1_2853,0.319618417159
lcl|NC_000913.3_cds_NP_417374.1_2855,1.2373106652
lcl|NC_000913.3_cds_NP_417376.1_2857,0.532883484683
lcl|NC_000913.3_cds_NP_417379.1_2860,0.194745493797
lcl|NC_000913.3_cds_NP_417380.1_2861,1.09167776952
lcl|NC_000913.3_cds_NP_417381.1_2862,0.234387839577
lcl|NC_000913.3_cds_NP_417383.1_2864,0.0791701366768
lcl|NC_000913.3_cds_NP_417384.1_2865,0.378628253225
lcl|NC_000913.3_cds_NP_417385.4_2866,0.603757655489
lcl|NC_000913.3_cds_NP_417388.1_2870,2.58432911639
lcl|NC_000913.3_cds_NP_417404.1_2886,0.0181504217117
lcl|NC_000913.3_cds_NP_417418.1_2898,0.0860500086017
lcl|NC_000913.3_cds_NP_417419.1_2899,0.034257340917
lcl|NC_000913.3_cds_NP_417422.1_2902,0.758264038745
lcl|NC_000913.3_cds_NP_417427.1_2907,0.30739759476
lcl|NC_000913.3_cds_NP_417435.1_2915,0.731087366472
lcl|NC_000913.3_cds_NP_417436.1_2916,0.093002856468
lcl|NC_000913.3_cds_NP_417437.1_2917,1.54206393929
lcl|NC_000913.3_cds_NP_417439.4_2919,0.0323545274976
lcl|NC_000913.3_cds_NP_417440.4_2920,0.143707145028
lcl|NC_000913.3_cds_NP_417442.1_2922,0.0100111847987
lcl|NC_000913.3_cds_YP_026190.1_2931,0.00721831443292
lcl|NC_000913.3_cds_YP_026191.1_2932,0.00505282010304
lcl|NC_000913.3_cds_NP_417453.1_2933,0.00794014587621
lcl|NC_000913.3_cds_NP_417454.1_2934,0.0303912910436
lcl|NC_000913.3_cds_NP_417456.1_2936,0.019061771564
lcl|NC_000913.3_cds_YP_026192.1_2937,1.0
lcl|NC_000913.3_cds_NP_417463.4_2943,0.146227153462
lcl|NC_000913.3_cds_NP_417464.1_2944,0.0480143556613
lcl|NC_000913.3_cds_NP_417466.1_2946,0.0223935357855
lcl|NC_000913.3_cds_NP_417468.1_2948,0.0474346613788
lcl|NC_000913.3_cds_NP_417474.1_2954,0.0389803605804
lcl|NC_000913.3_cds_NP_417475.1_2955,0.441948059049
lcl|NC_000913.3_cds_NP_417483.2_2961,0.0490433754987
lcl|NC_000913.3_cds_NP_417484.1_2962,0.184523722945
lcl|NC_000913.3_cds_NP_417485.4_2963,0.0832906504563
lcl|NC_000913.3_cds_NP_417491.1_2969,0.311686174957
lcl|NC_000913.3_cds_YP_026197.1_2973,0.0110401574777
lcl|NC_000913.3_cds_NP_417497.1_2975,0.0455824753907
lcl|NC_000913.3_cds_NP_417498.1_2976,0.0209146657653
lcl|NC_000913.3_cds_NP_417500.1_2978,0.62476493599
lcl|NC_000913.3_cds_NP_417501.1_2979,1.33205007945
lcl|NC_000913.3_cds_NP_417502.1_2980,0.450369049055
lcl|NC_000913.3_cds_NP_417505.1_2983,0.0712308862042
lcl|NC_000913.3_cds_NP_417506.1_2984,0.157930652892
lcl|NC_000913.3_cds_NP_417510.1_2987,0.221619302592
lcl|NC_000913.3_cds_NP_417513.1_2990,0.806758330605
lcl|NC_000913.3_cds_NP_417514.4_2991,1.52297721258
lcl|NC_000913.3_cds_NP_417526.1_3005,0.262365117188
lcl|NC_000913.3_cds_NP_417528.1_3007,0.0680222997872
lcl|NC_000913.3_cds_NP_417532.1_3011,1.0
lcl|NC_000913.3_cds_NP_417533.1_3012,1.0
lcl|NC_000913.3_cds_NP_417534.1_3013,1.0
lcl|NC_000913.3_cds_NP_417535.1_3014,1.0
lcl|NC_000913.3_cds_NP_417536.1_3015,0.400344375615
lcl|NC_000913.3_cds_NP_417538.1_3017,0.0744912744164
lcl|NC_000913.3_cds_NP_417541.1_3020,0.118995084878
lcl|NC_000913.3_cds_NP_417542.1_3021,0.213136617857
lcl|NC_000913.3_cds_NP_417544.5_3023,0.0318374206386
lcl|NC_000913.3_cds_NP_417546.1_3025,0.0518353401597
lcl|NC_000913.3_cds_YP_026199.1_3026,1.0
lcl|NC_000913.3_cds_NP_417548.1_3027,1.0
lcl|NC_000913.3_cds_YP_026200.1_3028,1.0
lcl|NC_000913.3_cds_NP_417556.2_3035,0.0518944497773
lcl|NC_000913.3_cds_NP_417558.2_3037,0.066234387551
lcl|NC_000913.3_cds_YP_026201.1_3038,0.041832834451
lcl|NC_000913.3_cds_NP_417561.1_3040,0.00981589729118
lcl|NC_000913.3_cds_NP_417562.1_3041,0.0123904480414
lcl|NC_000913.3_cds_NP_417563.1_3042,0.0394415207708
lcl|NC_000913.3_cds_NP_417564.2_3043,0.00265815755232
lcl|NC_000913.3_cds_NP_417570.1_3049,0.155985420434
lcl|NC_000913.3_cds_NP_417572.2_3051,0.0164251377762
lcl|NC_000913.3_cds_YP_026202.1_3058,0.0915127624977
lcl|NC_000913.3_cds_YP_026203.3_3059,0.00534003192147
lcl|NC_000913.3_cds_YP_026205.1_3062,0.0167922726961
lcl|NC_000913.3_cds_NP_417586.1_3064,0.0182067477901
lcl|NC_000913.3_cds_NP_417593.4_3070,0.00988111991761
lcl|NC_000913.3_cds_NP_417596.1_3073,1.0
lcl|NC_000913.3_cds_NP_417600.1_3077,0.15972157869
lcl|NC_000913.3_cds_NP_417601.1_3078,0.00310405927184
lcl|NC_000913.3_cds_NP_417605.1_3082,1.0
lcl|NC_000913.3_cds_NP_417607.1_3084,1.0
lcl|NC_000913.3_cds_NP_417608.1_3085,1.0
lcl|NC_000913.3_cds_NP_417609.1_3086,1.0
lcl|NC_000913.3_cds_NP_417610.1_3087,1.0
lcl|NC_000913.3_cds_NP_417615.1_3092,0.194975502916
lcl|NC_000913.3_cds_NP_417620.1_3097,0.117030948302
lcl|NC_000913.3_cds_NP_417623.1_3100,0.0263388163239
lcl|NC_000913.3_cds_NP_417624.1_3101,0.0143370356494
lcl|NC_000913.3_cds_NP_417625.1_3102,0.263153180319
lcl|NC_000913.3_cds_NP_417629.1_3106,0.121562701746
lcl|NC_000913.3_cds_NP_417637.1_3115,2.91941492522
lcl|NC_000913.3_cds_NP_417638.1_3116,2.23106286572
lcl|NC_000913.3_cds_NP_417643.1_3121,1.16656760699
lcl|NC_000913.3_cds_NP_417647.1_3125,3.12568099092
lcl|NC_000913.3_cds_NP_417648.4_3126,1.5117517177
lcl|NC_000913.3_cds_NP_417652.1_3130,26.3894776764
lcl|NC_000913.3_cds_NP_417656.1_3134,0.916237000702
lcl|NC_000913.3_cds_NP_417657.2_3135,1.22134345736
lcl|NC_000913.3_cds_NP_417658.4_3136,0.304616302301
lcl|NC_000913.3_cds_NP_417662.1_3140,0.251772770845
lcl|NC_000913.3_cds_NP_417664.1_3142,0.211630462181
lcl|NC_000913.3_cds_NP_417669.1_3147,0.139025827844
lcl|NC_000913.3_cds_NP_417672.1_3150,0.308123872766
lcl|NC_000913.3_cds_NP_417674.1_3152,0.215349618424
lcl|NC_000913.3_cds_YP_026207.1_3155,0.0549495522681
lcl|NC_000913.3_cds_NP_417680.1_3158,0.60232226993
lcl|NC_000913.3_cds_NP_417685.1_3163,0.019061771564
lcl|NC_000913.3_cds_NP_417690.1_3168,0.024133936077
lcl|NC_000913.3_cds_NP_417692.1_3170,0.0587816696336
lcl|NC_000913.3_cds_NP_417696.1_3174,2.23680473886
lcl|NC_000913.3_cds_NP_417697.1_3175,30.8721799187
lcl|NC_000913.3_cds_NP_417700.2_3178,0.950848192342
lcl|NC_000913.3_cds_NP_417704.1_3182,0.675641018023
lcl|NC_000913.3_cds_NP_417706.1_3184,0.132816985566
lcl|NC_000913.3_cds_NP_417708.1_3186,0.0070556207246
lcl|NC_000913.3_cds_NP_417711.1_3189,0.363908374468
lcl|NC_000913.3_cds_YP_026208.1_3190,0.0159989339583
lcl|NC_000913.3_cds_NP_417717.2_3195,2.20316114616
lcl|NC_000913.3_cds_NP_417719.1_3197,0.212303806108
lcl|NC_000913.3_cds_NP_417725.1_3204,0.608203240567
lcl|NC_000913.3_cds_NP_417726.1_3205,0.0674113561835
lcl|NC_000913.3_cds_YP_026209.1_3214,1.0
lcl|NC_000913.3_cds_NP_417738.4_3217,0.345900576866
lcl|NC_000913.3_cds_NP_417748.1_3227,0.102618330712
lcl|NC_000913.3_cds_NP_417749.1_3228,0.835645106731
lcl|NC_000913.3_cds_NP_417760.1_3239,20.2046987827
lcl|NC_000913.3_cds_NP_417770.1_3249,25.247581044
lcl|NC_000913.3_cds_NP_417771.1_3250,19.0353514984
lcl|NC_000913.3_cds_NP_417772.1_3251,24.1489436705
lcl|NC_000913.3_cds_NP_417776.1_3255,22.8681697044
lcl|NC_000913.3_cds_NP_417788.1_3267,1.0
lcl|NC_000913.3_cds_NP_417801.1_3280,28.9096083879
lcl|NC_000913.3_cds_NP_417802.1_3281,0.0778940413914
lcl|NC_000913.3_cds_NP_417804.1_3283,0.0819396500638
lcl|NC_000913.3_cds_YP_588468.1_3288,0.256150034252
lcl|NC_000913.3_cds_NP_417809.1_3289,0.010256040241
lcl|NC_000913.3_cds_NP_417810.1_3290,0.0223365239912
lcl|NC_000913.3_cds_NP_417812.1_3292,0.0493811031491
lcl|NC_000913.3_cds_NP_417813.1_3293,0.140479028532
lcl|NC_000913.3_cds_NP_417819.1_3299,0.0742392601553
lcl|NC_000913.3_cds_NP_417820.1_3300,0.0278905094722
lcl|NC_000913.3_cds_NP_417823.1_3303,0.0831678282661
lcl|NC_000913.3_cds_NP_417824.1_3304,0.00681244959044
lcl|NC_000913.3_cds_YP_026212.2_3306,0.0257059961653
lcl|NC_000913.3_cds_NP_417830.4_3310,0.0112776073842
lcl|NC_000913.3_cds_NP_417835.1_3314,1.0
lcl|NC_000913.3_cds_NP_417837.2_3316,1.0
lcl|NC_000913.3_cds_NP_417844.1_3323,0.297598004641
lcl|NC_000913.3_cds_NP_417845.1_3324,0.673970329198
lcl|NC_000913.3_cds_NP_417846.1_3325,0.0811613564162
lcl|NC_000913.3_cds_NP_417848.1_3327,0.206638838237
lcl|NC_000913.3_cds_NP_417856.1_3335,0.261608908434
lcl|NC_000913.3_cds_NP_417858.4_3337,0.177634037598
lcl|NC_000913.3_cds_NP_417859.1_3338,0.146191828997
lcl|NC_000913.3_cds_NP_417862.1_3341,1.06827083316
lcl|NC_000913.3_cds_YP_026216.2_3344,0.0977263920249
lcl|NC_000913.3_cds_NP_417867.1_3346,0.0850172834682
lcl|NC_000913.3_cds_NP_417868.1_3347,0.0841466090416
lcl|NC_000913.3_cds_NP_417873.1_3352,3.63512866514
lcl|NC_000913.3_cds_YP_026218.1_3355,0.219599308541
lcl|NC_000913.3_cds_NP_417880.1_3359,0.00433098865975
lcl|NC_000913.3_cds_NP_417883.1_3362,0.221000534603
lcl|NC_000913.3_cds_YP_026222.1_3374,0.134608634018
lcl|NC_000913.3_cds_NP_417896.1_3375,0.105162635857
lcl|NC_000913.3_cds_NP_417898.1_3377,0.0656947927955
lcl|NC_000913.3_cds_NP_417908.1_3387,0.0245422690719
lcl|NC_000913.3_cds_NP_417909.1_3388,0.0194894489689
lcl|NC_000913.3_cds_NP_417912.1_3391,0.0996604202408
lcl|NC_000913.3_cds_NP_417913.1_3392,0.066836213392
lcl|NC_000913.3_cds_NP_417914.1_3393,0.0945707990178
lcl|NC_000913.3_cds_NP_417919.1_3398,0.178841199549
lcl|NC_000913.3_cds_NP_417922.1_3401,0.143823297234
lcl|NC_000913.3_cds_NP_417923.1_3402,0.127859482613
lcl|NC_000913.3_cds_NP_417928.1_3407,0.0647980046101
lcl|NC_000913.3_cds_NP_417931.4_3410,0.00764548555529
lcl|NC_000913.3_cds_NP_417935.1_3414,1.0
lcl|NC_000913.3_cds_NP_417942.6_3422,0.0451715705336
lcl|NC_000913.3_cds_YP_026225.1_3423,0.0630048491754
lcl|NC_000913.3_cds_NP_417944.1_3424,0.130545928728
lcl|NC_000913.3_cds_NP_417951.1_3430,0.0652738718668
lcl|NC_000913.3_cds_NP_417962.1_3442,0.019061771564
lcl|NC_000913.3_cds_NP_417976.1_3456,0.0186335800468
lcl|NC_000913.3_cds_NP_417978.2_3458,0.0188504422476
lcl|NC_000913.3_cds_NP_417981.2_3461,0.0447535494841
lcl|NC_000913.3_cds_NP_417982.2_3462,1.0
lcl|NC_000913.3_cds_NP_417986.4_3466,0.0377892193743
lcl|NC_000913.3_cds_NP_417990.4_3470,0.00213913360724
lcl|NC_000913.3_cds_NP_417995.1_3475,0.0651776316872
lcl|NC_000913.3_cds_NP_417998.1_3479,0.147441994634
lcl|NC_000913.3_cds_NP_418000.1_3481,0.0999687849828
lcl|NC_000913.3_cds_NP_418006.1_3487,0.0108863567251
lcl|NC_000913.3_cds_NP_418007.3_3488,0.0899689465237
lcl|NC_000913.3_cds_NP_418031.1_3514,0.0800316262553
lcl|NC_000913.3_cds_NP_418037.1_3520,1.0
lcl|NC_000913.3_cds_NP_418040.1_3523,0.00734554492147
lcl|NC_000913.3_cds_NP_418044.1_3529,1.0
lcl|NC_000913.3_cds_YP_026233.1_3531,1.0
lcl|NC_000913.3_cds_NP_418047.1_3532,0.246490667512
lcl|NC_000913.3_cds_NP_418048.1_3533,0.146519297916
lcl|NC_000913.3_cds_NP_418049.1_3534,0.109808467758
lcl|NC_000913.3_cds_NP_418050.1_3535,1.0
lcl|NC_000913.3_cds_NP_418060.1_3550,0.0132151412985
lcl|NC_000913.3_cds_NP_418061.1_3551,0.0152526844655
lcl|NC_000913.3_cds_NP_418062.1_3552,0.116713810306
lcl|NC_000913.3_cds_NP_418063.1_3553,0.153787849136
lcl|NC_000913.3_cds_NP_418068.1_3558,1.31910959291
lcl|NC_000913.3_cds_NP_418092.1_3582,0.12973247409
lcl|NC_000913.3_cds_NP_418096.4_3586,0.225119012095
lcl|NC_000913.3_cds_NP_418097.1_3587,1.13701030981
lcl|NC_000913.3_cds_NP_418099.1_3589,0.13727955015
lcl|NC_000913.3_cds_NP_418101.1_3591,0.659477042447
lcl|NC_000913.3_cds_NP_418103.4_3593,0.0152435143762
lcl|NC_000913.3_cds_NP_418106.1_3596,6.00141258439
lcl|NC_000913.3_cds_NP_418107.1_3597,0.111386010245
lcl|NC_000913.3_cds_NP_418108.1_3598,0.138310753524
lcl|NC_000913.3_cds_NP_418110.1_3600,0.11377729023
lcl|NC_000913.3_cds_NP_418112.1_3602,0.0572333126203
lcl|NC_000913.3_cds_NP_418113.1_3603,0.00467330186446
lcl|NC_000913.3_cds_NP_418119.2_3611,0.0247547510602
lcl|NC_000913.3_cds_NP_418122.1_3614,0.00288732577317
lcl|NC_000913.3_cds_NP_418126.1_3618,0.4117202467
lcl|NC_000913.3_cds_NP_418127.1_3619,0.48594981444
lcl|NC_000913.3_cds_NP_418130.1_3623,0.00794014587621
lcl|NC_000913.3_cds_NP_418134.1_3627,0.00360915721646
lcl|NC_000913.3_cds_NP_418135.1_3628,1.0
lcl|NC_000913.3_cds_NP_418139.1_3632,1.0
lcl|NC_000913.3_cds_NP_418140.4_3633,0.0229215694662
lcl|NC_000913.3_cds_NP_418142.1_3635,0.622554484044
lcl|NC_000913.3_cds_NP_418144.3_3637,0.0645951548687
lcl|NC_000913.3_cds_NP_418146.4_3639,1.0
lcl|NC_000913.3_cds_YP_026238.1_3641,1.0
lcl|NC_000913.3_cds_NP_418158.1_3651,28.6893706253
lcl|NC_000913.3_cds_NP_418159.1_3652,0.314159684926
lcl|NC_000913.3_cds_NP_418170.1_3663,0.462164279844
lcl|NC_000913.3_cds_NP_418186.1_3679,0.739284111418
lcl|NC_000913.3_cds_NP_418187.1_3680,2.58131245456
lcl|NC_000913.3_cds_NP_418189.1_3682,2.3050088584
lcl|NC_000913.3_cds_NP_418194.1_3687,2.23685740621
lcl|NC_000913.3_cds_YP_026243.1_3694,0.0118958319584
lcl|NC_000913.3_cds_NP_418204.2_3697,0.121987836329
lcl|NC_000913.3_cds_NP_418205.1_3698,0.0528914505969
lcl|NC_000913.3_cds_YP_026245.1_3704,0.274426993024
lcl|NC_000913.3_cds_NP_418213.1_3706,8.13993874196
lcl|NC_000913.3_cds_NP_418220.1_3714,0.129114266657
lcl|NC_000913.3_cds_NP_418222.1_3716,0.862286930727
lcl|NC_000913.3_cds_NP_418227.1_3721,0.766425805553
lcl|NC_000913.3_cds_NP_418228.2_3722,6.877908778
lcl|NC_000913.3_cds_NP_418231.1_3724,0.262277178071
lcl|NC_000913.3_cds_NP_418238.1_3731,0.218123916171
lcl|NC_000913.3_cds_YP_026257.1_3733,0.0659366145527
lcl|NC_000913.3_cds_NP_418242.1_3735,0.117622749612
lcl|NC_000913.3_cds_YP_026258.1_3736,0.310744638536
lcl|NC_000913.3_cds_YP_026260.1_3742,0.277645551304
lcl|NC_000913.3_cds_NP_418254.2_3746,0.203346363061
lcl|NC_000913.3_cds_NP_418256.1_3748,0.113124619134
lcl|NC_000913.3_cds_YP_026262.1_3755,0.045884482785
lcl|NC_000913.3_cds_NP_418264.4_3756,0.343181001623
lcl|NC_000913.3_cds_YP_026263.3_3758,0.0365693053425
lcl|NC_000913.3_cds_YP_026266.1_3761,0.0350338446652
lcl|NC_000913.3_cds_YP_026267.1_3762,0.191469648989
lcl|NC_000913.3_cds_NP_418273.1_3765,2.97883506028
lcl|NC_000913.3_cds_YP_026269.1_3769,0.885936887346
lcl|NC_000913.3_cds_NP_418279.1_3771,0.0480732385678
lcl|NC_000913.3_cds_YP_026270.1_3773,0.215391498576
lcl|NC_000913.3_cds_YP_026271.1_3775,0.0552145385911
lcl|NC_000913.3_cds_NP_418284.1_3776,0.118228902662
lcl|NC_000913.3_cds_NP_418286.1_3778,0.506695946458
lcl|NC_000913.3_cds_NP_418292.1_3784,0.215168456226
lcl|NC_000913.3_cds_NP_418300.1_3792,0.463543974705
lcl|NC_000913.3_cds_NP_418301.3_3793,0.763012308681
lcl|NC_000913.3_cds_NP_418303.2_3795,0.185262407099
lcl|NC_000913.3_cds_NP_418308.1_3801,0.0204334196453
lcl|NC_000913.3_cds_NP_418310.1_3803,0.00375920246141
lcl|NC_000913.3_cds_NP_418313.4_3806,1.0
lcl|NC_000913.3_cds_NP_418314.1_3807,0.00335276720888
lcl|NC_000913.3_cds_NP_418319.2_3812,0.00649648298962
lcl|NC_000913.3_cds_NP_418321.4_3814,0.151536984902
lcl|NC_000913.3_cds_NP_418323.1_3816,0.355229630452
lcl|NC_000913.3_cds_NP_418335.4_3828,1.0
lcl|NC_000913.3_cds_YP_026276.1_3832,0.00360915721646
lcl|NC_000913.3_cds_NP_418342.2_3835,1.0
lcl|NC_000913.3_cds_NP_418344.3_3837,11.0639222381
lcl|NC_000913.3_cds_NP_418345.2_3838,1.0
lcl|NC_000913.3_cds_NP_418348.1_3841,0.805120455179
lcl|NC_000913.3_cds_NP_418351.1_3844,1.27625095579
lcl|NC_000913.3_cds_NP_418353.1_3846,0.0902229708061
lcl|NC_000913.3_cds_NP_418359.1_3852,0.215133752218
lcl|NC_000913.3_cds_NP_418360.1_3853,0.20064766421
lcl|NC_000913.3_cds_NP_418361.1_3854,0.0804830938109
lcl|NC_000913.3_cds_NP_418362.1_3855,0.00620811854368
lcl|NC_000913.3_cds_NP_418370.1_3863,0.0287271021587
lcl|NC_000913.3_cds_NP_418371.1_3864,19.9723360262
lcl|NC_000913.3_cds_NP_418374.1_3867,0.229356248554
lcl|NC_000913.3_cds_NP_418377.1_3870,0.753172642784
lcl|NC_000913.3_cds_NP_418380.4_3873,0.0299900386263
lcl|NC_000913.3_cds_NP_418384.1_3876,1.0
lcl|NC_000913.3_cds_NP_418385.1_3877,0.0115493030927
lcl|NC_000913.3_cds_NP_418391.1_3883,0.995364565324
lcl|NC_000913.3_cds_NP_418392.1_3884,0.171532250743
lcl|NC_000913.3_cds_NP_418393.1_3885,0.0504813963767
lcl|NC_000913.3_cds_NP_418394.3_3886,0.0998427244671
lcl|NC_000913.3_cds_NP_418400.1_3892,0.346726204694
lcl|NC_000913.3_cds_NP_418409.1_3900,3.41527821731
lcl|NC_000913.3_cds_NP_418410.1_3901,28.477597905
lcl|NC_000913.3_cds_NP_418414.1_3905,3.53546685101
lcl|NC_000913.3_cds_NP_418415.1_3906,3.57602234061
lcl|NC_000913.3_cds_NP_418417.1_3908,0.0387033581678
lcl|NC_000913.3_cds_YP_026279.1_3910,0.404225608243
lcl|NC_000913.3_cds_NP_418420.4_3911,0.514665819067
lcl|NC_000913.3_cds_NP_418422.1_3913,0.0752694371595
lcl|NC_000913.3_cds_NP_418425.1_3916,0.451422758664
lcl|NC_000913.3_cds_NP_418426.2_3917,0.0655367902274
lcl|NC_000913.3_cds_NP_418427.1_3918,0.350796047798
lcl|NC_000913.3_cds_NP_418433.1_3924,0.293022836202
lcl|NC_000913.3_cds_NP_418437.1_3928,0.397695272923
lcl|NC_000913.3_cds_NP_418438.1_3929,0.474488680729
lcl|NC_000913.3_cds_NP_418444.1_3935,0.0444920761096
lcl|NC_000913.3_cds_NP_418446.1_3937,0.118834697761
lcl|NC_000913.3_cds_NP_418447.1_3938,0.194286615502
lcl|NC_000913.3_cds_NP_418449.1_3940,2.27875197058
lcl|NC_000913.3_cds_NP_418454.1_3946,0.0923944247413
lcl|NC_000913.3_cds_NP_418456.1_3948,0.0164251377762
lcl|NC_000913.3_cds_NP_418459.1_3951,0.0174260977054
lcl|NC_000913.3_cds_NP_418464.1_3956,0.235934832214
lcl|NC_000913.3_cds_NP_418470.4_3962,0.110178123588
lcl|NC_000913.3_cds_NP_418475.1_3967,0.0980135486008
lcl|NC_000913.3_cds_NP_418478.1_3970,0.505823189142
lcl|NC_000913.3_cds_NP_418484.4_3977,0.0811944429885
lcl|NC_000913.3_cds_NP_418487.1_3980,0.0624976161736
lcl|NC_000913.3_cds_NP_418489.1_3982,0.0565560768256
lcl|NC_000913.3_cds_NP_418492.1_3985,0.0700176499993
lcl|NC_000913.3_cds_NP_418493.1_3986,0.0622482646135
lcl|NC_000913.3_cds_NP_418498.1_3991,1.0
lcl|NC_000913.3_cds_NP_418500.1_3993,1.0
lcl|NC_000913.3_cds_NP_418503.1_3996,0.000647329999982
lcl|NC_000913.3_cds_NP_418505.2_3998,1.0
lcl|NC_000913.3_cds_NP_418508.1_4002,0.00367277246074
lcl|NC_000913.3_cds_NP_418518.1_4012,1.0
lcl|NC_000913.3_cds_NP_418519.1_4013,1.0
lcl|NC_000913.3_cds_NP_418520.1_4014,1.0
lcl|NC_000913.3_cds_YP_026282.1_4015,1.0
lcl|NC_000913.3_cds_NP_418534.4_4027,1.0
lcl|NC_000913.3_cds_NP_418538.2_4032,0.0796549350662
lcl|NC_000913.3_cds_NP_418541.2_4035,0.00577465154633
lcl|NC_000913.3_cds_NP_418542.1_4036,0.00680065313208
lcl|NC_000913.3_cds_NP_418545.1_4039,0.0286067875034
lcl|NC_000913.3_cds_NP_418547.1_4041,1.0
lcl|NC_000913.3_cds_NP_418548.1_4042,0.0766061465745
lcl|NC_000913.3_cds_NP_418549.1_4043,0.0166479535559
lcl|NC_000913.3_cds_NP_418553.1_4048,0.307998980827
lcl|NC_000913.3_cds_NP_418554.1_4049,1.0
lcl|NC_000913.3_cds_NP_418564.2_4059,0.12505927745
lcl|NC_000913.3_cds_NP_418565.1_4060,0.0163496511138
lcl|NC_000913.3_cds_NP_418570.1_4065,0.150380438155
lcl|NC_000913.3_cds_NP_418571.1_4066,7.6939579323
lcl|NC_000913.3_cds_NP_418576.1_4073,0.0673084623126
lcl|NC_000913.3_cds_NP_418580.2_4077,0.0107677085348
lcl|NC_000913.3_cds_NP_418582.1_4079,1.0
lcl|NC_000913.3_cds_NP_418586.4_4083,0.763927585177
lcl|NC_000913.3_cds_NP_418588.1_4086,0.0362933282657
lcl|NC_000913.3_cds_NP_418589.1_4087,0.189341329133
lcl|NC_000913.3_cds_NP_418591.1_4089,0.0424190029974
lcl|NC_000913.3_cds_NP_418592.1_4090,0.105546350284
lcl|NC_000913.3_cds_NP_418593.1_4091,6.38494369898
lcl|NC_000913.3_cds_NP_418594.1_4092,0.195646268332
lcl|NC_000913.3_cds_NP_418595.1_4093,0.837883853866
lcl|NC_000913.3_cds_NP_418596.1_4094,0.752824710112
lcl|NC_000913.3_cds_NP_418598.1_4096,2.87210699283
lcl|NC_000913.3_cds_NP_418600.4_4098,0.323956013701
lcl|NC_000913.3_cds_NP_418614.4_4112,1.0
lcl|NC_000913.3_cds_NP_418616.1_4114,0.00600671087924
lcl|NC_000913.3_cds_NP_418618.1_4116,0.00400447391949
lcl|NC_000913.3_cds_NP_418627.4_4125,0.140361344979
lcl|NC_000913.3_cds_NP_418628.4_4126,2.15975122814
lcl|NC_000913.3_cds_NP_418629.1_4127,0.311615821802
lcl|NC_000913.3_cds_NP_418630.1_4128,0.0111198708413
lcl|NC_000913.3_cds_NP_418632.1_4130,0.0557197272679
lcl|NC_000913.3_cds_NP_418633.4_4131,0.0367670546825
lcl|NC_000913.3_cds_NP_418639.1_4137,0.0584294278025
lcl|NC_000913.3_cds_NP_418652.2_4148,0.00505282010304
lcl|NC_000913.3_cds_NP_418655.1_4151,0.654586162556
lcl|NC_000913.3_cds_NP_418656.1_4152,0.511434492066
lcl|NC_000913.3_cds_NP_418658.1_4154,0.00938380876279
lcl|NC_000913.3_cds_NP_418661.1_4157,0.0169164110764
lcl|NC_000913.3_cds_NP_418664.2_4161,4.54028271816
lcl|NC_000913.3_cds_NP_418670.1_4166,0.0135243450451
lcl|NC_000913.3_cds_NP_418676.1_4171,2.62666182327
lcl|NC_000913.3_cds_YP_026287.1_4172,0.246454985033
lcl|NC_000913.3_cds_NP_418680.1_4175,0.0795578543037
lcl|NC_000913.3_cds_NP_418681.1_4176,0.739174655388
lcl|NC_000913.3_cds_NP_418683.4_4178,0.148587407195
lcl|NC_000913.3_cds_NP_418684.1_4179,0.0318835370166
lcl|NC_000913.3_cds_NP_418686.1_4181,1.0
lcl|NC_000913.3_cds_NP_418709.1_4203,0.00310405927184
lcl|NC_000913.3_cds_NP_418712.1_4206,0.0187379745721
lcl|NC_000913.3_cds_NP_418718.4_4213,0.0105492357436
lcl|NC_000913.3_cds_NP_418721.1_4216,0.00835793537499
lcl|NC_000913.3_cds_YP_588476.1_4220,1.0
lcl|NC_000913.3_cds_NP_418726.1_4223,0.0146363334473
lcl|NC_000913.3_cds_NP_418727.1_4224,0.0159035712666
lcl|NC_000913.3_cds_NP_418750.2_4249,1.0
lcl|NC_000913.3_cds_NP_418754.2_4253,1.0
lcl|NC_000913.3_cds_NP_418761.1_4259,1.0
lcl|NC_000913.3_cds_NP_418769.1_4266,0.419397782281
lcl|NC_000913.3_cds_NP_418771.1_4268,0.116276938379
